"","h",".model","series",".type","ME","RMSE","MAE","MPE","MAPE","MASE","RMSSE","ACF1"
"1",1,"arima","A11","Test",-0.228006513828147,1.43869654243793,1.09637132119437,-0.250307293525584,1.11831387032225,0.884185226465747,0.937930258508017,0.0660604381245774
"2",1,"arima","A12","Test",-0.148466007270049,1.48658130370681,1.20940147320843,-0.169478932434704,1.21515507544261,0.868295472936167,0.842778596989193,-0.153651677841339
"3",1,"arima","A21","Test",-0.574637951092012,2.32059006238085,1.84607240602557,-0.636631840373016,1.87618392874206,0.871580060158819,0.886573038829766,0.134863213903368
"4",1,"arima","A22","Test",-0.68947311891643,2.37567403124788,1.92383429905299,-0.752361721877424,1.97044115578541,1.05059727571061,1.01617148421902,-0.0854385399605017
"5",1,"arima","A31","Test",-0.532084972158357,2.22072655572621,1.89238994708008,-0.598158644041088,1.92676733093078,0.966540772697348,0.903856459785181,0.0737891767033445
"6",1,"arima","A32","Test",-0.253244108324929,1.73933540241995,1.48345488979553,-0.280697348628328,1.48929983805473,1.1093493404105,1.04777303551498,0.15492659246151
"7",1,"arima","A41","Test",-0.602295835773722,2.22895239441405,1.78029178656987,-0.655644870837665,1.82397559798725,0.896572051276248,0.916255758790349,-0.0531267652399244
"8",1,"arima","A42","Test",-0.533900693550737,2.4090138322536,1.79658236312315,-0.58776280010804,1.8292145042697,0.822279393024928,0.921879232652077,-0.187986227627112
"9",1,"arima","B1","Test",-0.604483317361998,2.73122128165082,2.22397889607015,-0.320279884507699,1.1249042317178,0.978597365282739,0.966392674801821,-0.117131592588193
"10",1,"arima","B2","Test",-1.20103029043616,4.34938431629081,3.48373392123528,-0.657189713153798,1.77861884328737,0.977940173914034,0.96352573921991,0.0137776632328778
"11",1,"arima","B3","Test",-0.95226617330316,3.67110591727598,3.20905626663738,-0.51658409934689,1.624374148677,1.10092510227811,1.02278031435312,0.111886136822681
"12",1,"arima","B4","Test",-1.12049499776305,4.25009738721035,3.28725902492019,-0.604181442381404,1.68044351304213,0.909413738407313,0.951033538817219,-0.154257519054868
"13",1,"arima","C1","Test",-1.71398700092282,6.22348197738616,4.81066261699408,-0.453884619137837,1.22108507091642,0.970004078861554,0.985795146778054,-0.0402542620562889
"14",1,"arima","C2","Test",-2.19541922900468,6.87991657417735,5.69063440534174,-0.582670818086524,1.44588149448494,1.04449991308625,1.00674377276029,0.0646545513319932
"15",1,"arima","D1","Test",-3.88099193999128,11.9409625229857,9.01720529535742,-0.510301280635933,1.14542122174521,0.94270657101233,0.993779546503817,-0.0123510318174964
"16",1,"mint_novelist","A11","Test",-0.272170934519855,1.47513981023644,1.12746619923938,-0.295691360048016,1.14969727944952,0.909262160944661,0.961688738895563,0.0660265862706273
"17",1,"mint_novelist","A12","Test",-0.176637684816254,1.50891135799514,1.2261023170531,-0.197744053103102,1.23218408099982,0.880285922283046,0.85543804035558,-0.177621340812356
"18",1,"mint_novelist","A21","Test",-0.694115737822528,2.35592768265873,1.86952977287643,-0.756564269517292,1.90433978746325,0.88265490919741,0.900073648826619,0.0997941909354132
"19",1,"mint_novelist","A22","Test",-0.664788209645602,2.37190798166004,1.92599324623066,-0.727567226783783,1.97278859819869,1.05177626707404,1.0145605930997,-0.116966987554697
"20",1,"mint_novelist","A31","Test",-0.585354676197895,2.32750374916107,1.95058847500198,-0.658673012634907,1.98927127062393,0.996265751016051,0.947315775293871,0.0845695260130182
"21",1,"mint_novelist","A32","Test",-0.280140167398263,1.73508642116617,1.48776335582301,-0.308151323018868,1.49348941403954,1.11257127454456,1.04521345558582,0.149753892832313
"22",1,"mint_novelist","A41","Test",-0.644834172963978,2.25919676365533,1.82293358987353,-0.697485461904449,1.8668888629945,0.918046873182687,0.928688315698138,-0.0702959084681409
"23",1,"mint_novelist","A42","Test",-0.615520081519074,2.47093119284921,1.84039058301462,-0.668238623679627,1.8744882212066,0.842330016476023,0.945573712156301,-0.216044158669343
"24",1,"mint_novelist","B1","Test",-0.448808619336108,2.61585812645204,2.06604860076059,-0.241148552485274,1.04474401271648,0.90910472254168,0.925573533242286,-0.108123227808752
"25",1,"mint_novelist","B2","Test",-1.35890394746814,4.40700312956725,3.51443178221111,-0.736621861406305,1.79603134272509,0.986557557497348,0.97629012277811,0.0336303244104344
"26",1,"mint_novelist","B3","Test",-0.865494843596142,3.59140626857142,3.16304950320034,-0.472967614607139,1.59943890357991,1.08514164554381,1.00057577065628,0.123523257109251
"27",1,"mint_novelist","B4","Test",-1.26035425448305,4.28967805546135,3.26906224157383,-0.674808611559102,1.67152270770576,0.904379634114175,0.959890404805461,-0.115184550182843
"28",1,"mint_novelist","C1","Test",-1.80771256680423,6.1392870332646,4.80556516623638,-0.477244435632527,1.22039468970784,0.968976247890974,0.972458727133894,-0.0582533337795159
"29",1,"mint_novelist","C2","Test",-2.12584909807921,6.77879908116075,5.68420930847059,-0.564225170700951,1.4453690270283,1.04332060465674,0.991947167988415,0.028802252418239
"30",1,"mint_novelist","D1","Test",-3.93356166488341,11.7611994016534,9.04739476860036,-0.51640048530601,1.14949159006518,0.945862739012206,0.978818867006514,-0.0302137539949223
"31",1,"mint_shrink","A11","Test",-0.272170934519854,1.47513981023644,1.12746619923938,-0.295691360048014,1.14969727944951,0.909262160944659,0.96168873889556,0.0660265862706288
"32",1,"mint_shrink","A12","Test",-0.176637684816259,1.50891135799514,1.2261023170531,-0.197744053103107,1.23218408099982,0.880285922283045,0.855438040355581,-0.177621340812361
"33",1,"mint_shrink","A21","Test",-0.694115737822561,2.35592768265874,1.86952977287645,-0.756564269517326,1.90433978746326,0.882654909197416,0.900073648826621,0.0997941909354073
"34",1,"mint_shrink","A22","Test",-0.664788209645628,2.37190798166006,1.92599324623067,-0.72756722678381,1.97278859819871,1.05177626707405,1.01456059309971,-0.116966987554694
"35",1,"mint_shrink","A31","Test",-0.585354676197888,2.32750374916109,1.950588475002,-0.6586730126349,1.98927127062395,0.99626575101606,0.947315775293877,0.0845695260130086
"36",1,"mint_shrink","A32","Test",-0.280140167398264,1.73508642116619,1.48776335582302,-0.30815132301887,1.49348941403955,1.11257127454457,1.04521345558583,0.149753892832311
"37",1,"mint_shrink","A41","Test",-0.644834172963992,2.25919676365533,1.82293358987353,-0.697485461904463,1.86688886299449,0.918046873182686,0.928688315698139,-0.0702959084681399
"38",1,"mint_shrink","A42","Test",-0.615520081519086,2.47093119284921,1.84039058301463,-0.668238623679638,1.87448822120662,0.84233001647603,0.945573712156299,-0.216044158669349
"39",1,"mint_shrink","B1","Test",-0.448808619336123,2.61585812645205,2.0660486007606,-0.241148552485282,1.04474401271648,0.909104722541684,0.925573533242289,-0.108123227808747
"40",1,"mint_shrink","B2","Test",-1.35890394746819,4.40700312956726,3.51443178221112,-0.736621861406331,1.79603134272509,0.986557557497352,0.976290122778112,0.0336303244104323
"41",1,"mint_shrink","B3","Test",-0.865494843596166,3.59140626857147,3.16304950320039,-0.472967614607152,1.59943890357993,1.08514164554383,1.0005757706563,0.123523257109243
"42",1,"mint_shrink","B4","Test",-1.26035425448308,4.28967805546135,3.26906224157382,-0.674808611559114,1.67152270770576,0.904379634114174,0.95989040480546,-0.115184550182839
"43",1,"mint_shrink","C1","Test",-1.80771256680429,6.13928703326462,4.80556516623641,-0.477244435632543,1.22039468970785,0.968976247890979,0.972458727133897,-0.0582533337795145
"44",1,"mint_shrink","C2","Test",-2.12584909807923,6.77879908116079,5.68420930847065,-0.564225170700955,1.44536902702831,1.04332060465675,0.991947167988422,0.0288022524182383
"45",1,"mint_shrink","D1","Test",-3.93356166488356,11.7611994016535,9.04739476860043,-0.516400485306029,1.14949159006519,0.945862739012213,0.978818867006519,-0.0302137539949242
"46",2,"arima","A11","Test",-0.420244475810232,1.95071423789333,1.5249101089235,-0.459076149401272,1.56062547057332,1.2297868103022,1.27173024710421,0.394700702122841
"47",2,"arima","A12","Test",-0.241416891771367,1.4763669143945,1.13749498087073,-0.263315503706436,1.14458194345721,0.816669868738823,0.83698781469409,0.146986143263993
"48",2,"arima","A21","Test",-1.13018552763759,3.19080401942309,2.61000750338166,-1.23572907079402,2.65970969419163,1.23225421136642,1.21903513320566,0.560183058860585
"49",2,"arima","A22","Test",-1.30281512106654,2.97585107122171,2.48029865088782,-1.40323862542895,2.55584070172321,1.35447996059439,1.27289138159653,0.429453733300813
"50",2,"arima","A31","Test",-0.953796824163421,3.07019065531071,2.57281495220146,-1.07212435396419,2.63929433797188,1.31406878151359,1.24959628614303,0.527473169524086
"51",2,"arima","A32","Test",-0.494379420654698,2.47701685007687,2.11147724606024,-0.548500954747935,2.12521397067414,1.57899367639791,1.49215123225565,0.541213703342075
"52",2,"arima","A41","Test",-1.1805608752406,2.81142612652383,2.29341999439048,-1.26319851008302,2.35995854005501,1.15498834759576,1.15569331372745,0.502211254252594
"53",2,"arima","A42","Test",-0.905528851240409,2.72151235666228,2.16151062506667,-0.979683148465564,2.20384056070073,0.989303736516154,1.04146588509453,0.401779262135501
"54",2,"arima","B1","Test",-1.0251653633136,3.18465269139158,2.49281056380547,-0.537809161114906,1.26472969065298,1.09688893819974,1.12683108227999,0.275692179986943
"55",2,"arima","B2","Test",-2.37340699124322,6.01260936920286,5.00927862272464,-1.28755810184686,2.5681448481652,1.40618512155319,1.33198252115884,0.549958435866705
"56",2,"arima","B3","Test",-1.76805092468338,5.18351647779255,4.25755391954753,-0.959420925775902,2.16727516468693,1.46063128685618,1.44414210106614,0.499408392753528
"57",2,"arima","B4","Test",-2.1362040507656,5.18845051367533,4.34007916578153,-1.13622752199451,2.2218176723679,1.2006743579426,1.16100644372233,0.457750332033979
"58",2,"arima","C1","Test",-3.28412608475382,7.91006299055374,6.31697185550475,-0.861407611162006,1.60932296759178,1.27373065910866,1.25294838727429,0.43478866229306
"59",2,"arima","C2","Test",-4.13902443878868,9.49122833652581,7.96045328312631,-1.0942435024892,2.02780968696514,1.46111877342668,1.38885914104067,0.535026015007064
"60",2,"arima","D1","Test",-7.4722815161864,15.977289144154,13.1870762212105,-0.976901449094974,1.67883806927105,1.37864704184744,1.32970044328283,0.522312214376343
"61",2,"mint_novelist","A11","Test",-0.480676516798162,1.98810771089719,1.53545706218616,-0.521357537481311,1.5719658574483,1.23829256020535,1.29610819531391,0.405894250296072
"62",2,"mint_novelist","A12","Test",-0.288609170260045,1.50122672500957,1.15800794863196,-0.310860174955209,1.16553908709089,0.831397250371917,0.851081437598767,0.140712349827672
"63",2,"mint_novelist","A21","Test",-1.36398532296482,3.3476563655142,2.72292881211422,-1.47621205104697,2.78148211204725,1.28556737543143,1.27896000463207,0.562206304982719
"64",2,"mint_novelist","A22","Test",-1.26378883354092,3.00940184387633,2.55601513758083,-1.36748059736662,2.63130338264145,1.39582839412903,1.28724239861178,0.456550944765627
"65",2,"mint_novelist","A31","Test",-1.07477708362001,3.2162367528716,2.69090082392805,-1.2058073144891,2.76430896242067,1.37438130318988,1.30903841257974,0.508918864350406
"66",2,"mint_novelist","A32","Test",-0.544556214854867,2.46710905288551,2.08299438289814,-0.599148185869519,2.09675589673197,1.55769377326015,1.48618279010009,0.521357196136356
"67",2,"mint_novelist","A41","Test",-1.26490590504298,2.91486929775904,2.40814615583149,-1.34959560465456,2.47659961442255,1.21276554494856,1.19821571195781,0.481301077183513
"68",2,"mint_novelist","A42","Test",-1.06544273282862,2.88245360727985,2.32063933431972,-1.14230958632805,2.36612515130723,1.06213549816719,1.10305473719448,0.357198328523089
"69",2,"mint_novelist","B1","Test",-0.76928568705821,3.01164776595891,2.32560017412003,-0.407503156188598,1.17917165873275,1.02331285927056,1.06561645504857,0.271529128880444
"70",2,"mint_novelist","B2","Test",-2.62777415650573,6.09082231034503,5.09289966166677,-1.41475403765291,2.61258557961836,1.42965889286145,1.34930915326359,0.548188971308934
"71",2,"mint_novelist","B3","Test",-1.61933329847488,5.05172084728024,4.19559877146596,-0.884158782946158,2.13455295225563,1.4393764467814,1.40742347200905,0.524523921803859
"72",2,"mint_novelist","B4","Test",-2.33034863787161,5.4126204339773,4.60846115307451,-1.23556431366852,2.35837150385849,1.27492170642808,1.21116837959766,0.445615586369144
"73",2,"mint_novelist","C1","Test",-3.39705984356396,7.90772206368869,6.39391412363584,-0.890158807791403,1.6288475838188,1.28924501126056,1.25257758611331,0.447607340103659
"74",2,"mint_novelist","C2","Test",-3.94968193634648,9.2956346695491,7.90144870383267,-1.0456022275411,2.0124812092064,1.45028864912876,1.36023776110138,0.502329626014451
"75",2,"mint_novelist","D1","Test",-7.34674177991039,15.7230048932646,13.0419497151685,-0.960404071343415,1.66026630905177,1.36347474551032,1.30853778683487,0.499878783266057
"76",2,"mint_shrink","A11","Test",-0.480676516798164,1.98810771089719,1.53545706218615,-0.521357537481313,1.5719658574483,1.23829256020534,1.29610819531391,0.405894250296075
"77",2,"mint_shrink","A12","Test",-0.288609170260054,1.50122672500955,1.15800794863195,-0.310860174955218,1.16553908709088,0.831397250371908,0.851081437598758,0.140712349827673
"78",2,"mint_shrink","A21","Test",-1.36398532296486,3.34765636551422,2.72292881211424,-1.47621205104701,2.78148211204727,1.28556737543144,1.27896000463207,0.562206304982722
"79",2,"mint_shrink","A22","Test",-1.26378883354095,3.00940184387634,2.55601513758083,-1.36748059736664,2.63130338264146,1.39582839412904,1.28724239861179,0.456550944765628
"80",2,"mint_shrink","A31","Test",-1.07477708362002,3.21623675287161,2.69090082392806,-1.20580731448911,2.76430896242069,1.37438130318989,1.30903841257974,0.508918864350406
"81",2,"mint_shrink","A32","Test",-0.544556214854875,2.46710905288552,2.08299438289814,-0.599148185869527,2.09675589673198,1.55769377326016,1.4861827901001,0.521357196136359
"82",2,"mint_shrink","A41","Test",-1.264905905043,2.91486929775904,2.4081461558315,-1.34959560465457,2.47659961442256,1.21276554494857,1.19821571195782,0.481301077183517
"83",2,"mint_shrink","A42","Test",-1.06544273282863,2.88245360727985,2.32063933431972,-1.14230958632805,2.36612515130723,1.06213549816719,1.10305473719448,0.357198328523083
"84",2,"mint_shrink","B1","Test",-0.769285687058223,3.0116477659589,2.32560017412002,-0.407503156188605,1.17917165873275,1.02331285927056,1.06561645504857,0.271529128880443
"85",2,"mint_shrink","B2","Test",-2.6277741565058,6.09082231034507,5.09289966166681,-1.41475403765295,2.61258557961838,1.42965889286146,1.3493091532636,0.548188971308936
"86",2,"mint_shrink","B3","Test",-1.61933329847488,5.05172084728026,4.19559877146598,-0.884158782946161,2.13455295225564,1.43937644678141,1.40742347200905,0.524523921803859
"87",2,"mint_shrink","B4","Test",-2.33034863787163,5.41262043397731,4.60846115307452,-1.23556431366853,2.3583715038585,1.27492170642809,1.21116837959766,0.445615586369143
"88",2,"mint_shrink","C1","Test",-3.397059843564,7.90772206368871,6.39391412363584,-0.890158807791414,1.6288475838188,1.28924501126056,1.25257758611331,0.447607340103662
"89",2,"mint_shrink","C2","Test",-3.9496819363465,9.29563466954913,7.9014487038327,-1.04560222754111,2.01248120920641,1.45028864912876,1.36023776110138,0.502329626014451
"90",2,"mint_shrink","D1","Test",-7.34674177991052,15.7230048932647,13.0419497151686,-0.960404071343432,1.66026630905179,1.36347474551033,1.30853778683487,0.499878783266058
"91",3,"arima","A11","Test",-0.532762856996285,2.01473714184607,1.57564286303076,-0.575313608525671,1.61185822438254,1.27070100680881,1.31346873543968,0.567766652086362
"92",3,"arima","A12","Test",-0.181635957533696,1.43830415253247,1.10178452408793,-0.202606834248005,1.10762953688658,0.79103137842119,0.815409122052372,0.196819106159817
"93",3,"arima","A21","Test",-1.44435300862283,3.64395646698394,3.02450833099911,-1.57638962114317,3.09428172441756,1.42795111636945,1.39216038656255,0.691527919600328
"94",3,"arima","A22","Test",-1.70452493438232,3.42569126866515,2.8816479618214,-1.83174188674011,2.9835439167475,1.57365501786555,1.4653061552923,0.508710756295209
"95",3,"arima","A31","Test",-1.22979983789834,3.7041943862995,3.08552278898102,-1.3869057123206,3.1665212541631,1.57593501552817,1.50764172911056,0.724727293795895
"96",3,"arima","A32","Test",-0.597835102403756,2.90020832275209,2.38706121228624,-0.671545107136025,2.40652443456053,1.78507941130197,1.74708114014578,0.655943277532093
"97",3,"arima","A41","Test",-1.40218030369859,3.05895963910703,2.35700235897182,-1.49726524963362,2.43567490224858,1.18700903738815,1.2574469478411,0.612433866692448
"98",3,"arima","A42","Test",-0.936178593423566,2.71391660534607,2.13106893156247,-1.00973365530962,2.17084887857819,0.975370850514885,1.03855914985663,0.50421186132699
"99",3,"arima","B1","Test",-1.16360314415662,3.06674921859833,2.38084387665583,-0.606243981862919,1.20755634306968,1.04762124719885,1.08511309582222,0.443088504607966
"100",3,"arima","B2","Test",-3.07152728577231,6.96869408448326,5.84737397635721,-1.66350287827088,3.00835110389263,1.6414519744239,1.54378542590491,0.67336165403097
"101",3,"arima","B3","Test",-2.39125610627013,6.29201222956045,5.08785116670125,-1.30005161595262,2.5947468914472,1.74547985471934,1.75297209916479,0.752390010422143
"102",3,"arima","B4","Test",-2.41840674288323,5.43830859211451,4.25503627070519,-1.2831037745617,2.18468431904792,1.17714740842324,1.21691655374832,0.607503137374812
"103",3,"arima","C1","Test",-4.0925275327048,8.56296212882602,6.8456633828029,-1.07013389902618,1.74847141205906,1.38033404803207,1.35636714934078,0.577353172323057
"104",3,"arima","C2","Test",-5.16810467097875,10.7615800393495,9.14364949367523,-1.36346849831692,2.33320559442064,1.67829110449793,1.57475073612677,0.695295997045267
"105",3,"arima","D1","Test",-9.30822527182346,17.8724463073783,14.5385911066033,-1.21415930760932,1.8550087237573,1.5199415917161,1.48742377777928,0.64933175549382
"106",3,"mint_novelist","A11","Test",-0.606805840128852,2.05798001713706,1.62278699554532,-0.651354296132279,1.66084146398693,1.30872110518068,1.34166008782285,0.577119777120361
"107",3,"mint_novelist","A12","Test",-0.23522699358683,1.44981097311817,1.12524048302139,-0.256389958808212,1.13170600188649,0.807871694401014,0.821932614635552,0.205436952160776
"108",3,"mint_novelist","A21","Test",-1.76583719196338,3.84583785839016,3.22733519381224,-1.90587937501449,3.3080455022166,1.52371109236794,1.46928844186352,0.702976054264726
"109",3,"mint_novelist","A22","Test",-1.65580210916844,3.42044329822523,2.86929111839991,-1.7856223521995,2.97142565341147,1.56690700113595,1.46306138692722,0.554831232617074
"110",3,"mint_novelist","A31","Test",-1.46894571211143,3.87333564361606,3.25443521303444,-1.64339621179503,3.34768667252919,1.66220726883129,1.57648380138081,0.753069667016965
"111",3,"mint_novelist","A32","Test",-0.712813007380097,2.94397708491905,2.46284680316707,-0.788886942975995,2.48314411423391,1.84175298852673,1.77344737677421,0.667911650609705
"112",3,"mint_novelist","A41","Test",-1.53802480130224,3.16506525114155,2.45432180048397,-1.63575757896559,2.53556949322542,1.23602004331641,1.30106379596682,0.619652631576105
"113",3,"mint_novelist","A42","Test",-1.18287280163268,2.82662840238196,2.28091971992889,-1.25777738873076,2.32499578411574,1.04395619223451,1.08169159831795,0.520884932776112
"114",3,"mint_novelist","B1","Test",-0.842032833715685,2.91720103434737,2.23910584217349,-0.443226033005676,1.134695383774,0.985253538876679,1.03219820724801,0.42556112141433
"115",3,"mint_novelist","B2","Test",-3.42163930113181,7.0339341825924,5.89327335268352,-1.83821826262074,3.03638249817698,1.65433666799751,1.55823816431249,0.658968357642544
"116",3,"mint_novelist","B3","Test",-2.18175871949152,6.08387065311297,4.89853916140937,-1.19178377767526,2.49707270694736,1.68053292905922,1.69498327732581,0.740528268264996
"117",3,"mint_novelist","B4","Test",-2.72089760293492,5.62718335712885,4.4599211731579,-1.43592456607191,2.28956393031507,1.23382841337911,1.25918058202809,0.624341263919823
"118",3,"mint_novelist","C1","Test",-4.26367213484749,8.62756670234465,7.00119563987561,-1.11353640467244,1.78792343119966,1.4116949926184,1.36660046812691,0.581570129284036
"119",3,"mint_novelist","C2","Test",-4.90265632242643,10.514337467589,8.80321067586074,-1.29600597251636,2.2468852585307,1.6158045185938,1.53857153005684,0.702999165278844
"120",3,"mint_novelist","D1","Test",-9.16632845727393,17.7658388479193,14.3863440240962,-1.19614280230793,1.83576191089848,1.50402487246709,1.47855143499191,0.665358274209983
"121",3,"mint_shrink","A11","Test",-0.606805840128857,2.05798001713706,1.62278699554531,-0.651354296132284,1.66084146398693,1.30872110518068,1.34166008782285,0.57711977712036
"122",3,"mint_shrink","A12","Test",-0.235226993586835,1.44981097311817,1.12524048302139,-0.256389958808217,1.13170600188649,0.807871694401014,0.821932614635553,0.205436952160762
"123",3,"mint_shrink","A21","Test",-1.76583719196341,3.84583785839018,3.22733519381226,-1.90587937501452,3.30804550221662,1.52371109236795,1.46928844186353,0.702976054264722
"124",3,"mint_shrink","A22","Test",-1.65580210916846,3.42044329822523,2.86929111839992,-1.78562235219952,2.97142565341147,1.56690700113595,1.46306138692723,0.554831232617073
"125",3,"mint_shrink","A31","Test",-1.46894571211142,3.87333564361607,3.25443521303445,-1.64339621179502,3.3476866725292,1.6622072688313,1.57648380138081,0.753069667016963
"126",3,"mint_shrink","A32","Test",-0.712813007380105,2.94397708491906,2.46284680316708,-0.788886942976003,2.48314411423392,1.84175298852673,1.77344737677422,0.667911650609705
"127",3,"mint_shrink","A41","Test",-1.53802480130225,3.16506525114156,2.45432180048398,-1.6357575789656,2.53556949322543,1.23602004331641,1.30106379596682,0.619652631576098
"128",3,"mint_shrink","A42","Test",-1.18287280163269,2.82662840238197,2.28091971992889,-1.25777738873077,2.32499578411575,1.04395619223451,1.08169159831795,0.520884932776104
"129",3,"mint_shrink","B1","Test",-0.842032833715689,2.91720103434737,2.23910584217349,-0.443226033005679,1.134695383774,0.985253538876678,1.03219820724801,0.425561121414323
"130",3,"mint_shrink","B2","Test",-3.42163930113185,7.03393418259242,5.89327335268353,-1.83821826262076,3.03638249817699,1.65433666799751,1.5582381643125,0.658968357642542
"131",3,"mint_shrink","B3","Test",-2.18175871949152,6.08387065311299,4.89853916140939,-1.19178377767526,2.49707270694737,1.68053292905923,1.69498327732582,0.740528268264993
"132",3,"mint_shrink","B4","Test",-2.72089760293494,5.62718335712885,4.4599211731579,-1.43592456607192,2.28956393031507,1.23382841337911,1.25918058202809,0.624341263919818
"133",3,"mint_shrink","C1","Test",-4.26367213484756,8.62756670234469,7.00119563987564,-1.11353640467246,1.78792343119967,1.41169499261841,1.36660046812691,0.581570129284033
"134",3,"mint_shrink","C2","Test",-4.90265632242645,10.514337467589,8.80321067586075,-1.29600597251637,2.2468852585307,1.6158045185938,1.53857153005684,0.70299916527884
"135",3,"mint_shrink","D1","Test",-9.16632845727402,17.7658388479194,14.3863440240963,-1.19614280230794,1.83576191089849,1.50402487246709,1.47855143499192,0.665358274209976
"136",4,"arima","A11","Test",-0.646704696366591,2.07677860550152,1.62735183083465,-0.69369909709787,1.66691195953689,1.31240248560906,1.3539154622706,0.669235536892853
"137",4,"arima","A12","Test",-0.210796571829431,1.4489608232422,1.10413492826899,-0.232105895740872,1.11030553241144,0.792718862151939,0.821450644279869,0.203709472813773
"138",4,"arima","A21","Test",-1.75248228752465,3.8998455927169,3.26305301346365,-1.89925383487189,3.34741863740339,1.54057442844236,1.48992190139546,0.683910169227205
"139",4,"arima","A22","Test",-2.07216902033717,3.61287064282025,2.94685686056092,-2.21278113091438,3.06648006462922,1.6092653047814,1.5453703139052,0.62085326369733
"140",4,"arima","A31","Test",-1.54665525691379,4.3206580139195,3.79140963871377,-1.74371320295902,3.89600215369385,1.93646769655954,1.7585481861033,0.808367354515034
"141",4,"arima","A32","Test",-0.654225260876665,3.00261783114844,2.50601698606854,-0.735106410976525,2.52660720169877,1.8740362849428,1.80877247427763,0.744622819250047
"142",4,"arima","A41","Test",-1.57874228105767,3.19270857613667,2.44621936665769,-1.68055630094717,2.53165676183693,1.23193957978185,1.31242714126857,0.633178429225255
"143",4,"arima","A42","Test",-0.928420779251747,2.77478491363048,2.16630095417592,-1.004379101744,2.20751022333432,0.991496226542326,1.06185217897202,0.539224883634869
"144",4,"arima","B1","Test",-1.32128789426239,3.15993304223836,2.42988694812099,-0.686701179670841,1.23387861616502,1.0692012273893,1.11808448674566,0.487935974600739
"145",4,"arima","B2","Test",-3.74255021583702,7.43684987672457,6.30642137137453,-2.01241322290361,3.25302224972079,1.77031396545645,1.6474966923708,0.696289519723843
"146",4,"arima","B3","Test",-2.82792863694022,7.13016134242796,6.06652075858664,-1.53892187135462,3.0949710637726,2.08123025328493,1.98648277209288,0.815703156280732
"147",4,"arima","B4","Test",-2.56260107464517,5.59093339514384,4.35121878670724,-1.35861603027792,2.23606247269254,1.2037561121438,1.2510690197537,0.639430355525627
"148",4,"arima","C1","Test",-4.95435981811715,8.96730143520038,7.15339344821682,-1.28977042887124,1.83094198197691,1.44238359139131,1.42041420970406,0.624191325696808
"149",4,"arima","C2","Test",-5.72090243479491,11.4241465096615,9.62210077760132,-1.50844929931804,2.45953076321415,1.76610948973943,1.67170462515065,0.774539426513682
"150",4,"arima","D1","Test",-10.9192577166775,19.111685389856,15.5426435573451,-1.42080775085525,1.98658808877217,1.62491057178829,1.59055871778298,0.732457826606242
"151",4,"mint_novelist","A11","Test",-0.724759798492505,2.14528018913934,1.67906256533999,-0.774226441999637,1.72108896158306,1.35410538919241,1.39857373881081,0.669045078621181
"152",4,"mint_novelist","A12","Test",-0.274824406652132,1.48299066013765,1.15880395470674,-0.29667963885268,1.16561451427436,0.831968746675225,0.840742975027606,0.197758704983359
"153",4,"mint_novelist","A21","Test",-2.06962295054114,4.08541191458667,3.46900163870536,-2.22331601796091,3.56362076895792,1.6378082718127,1.56081684339817,0.696703015093436
"154",4,"mint_novelist","A22","Test",-2.04694124539831,3.63026298935498,3.03148458860465,-2.19069607738391,3.15117187743306,1.65548012722015,1.55280972114701,0.634086207123661
"155",4,"mint_novelist","A31","Test",-1.81373292218529,4.47057645893571,3.91322498068805,-2.02627457863438,4.03000077110699,1.99868505030308,1.81956639413951,0.830494115830712
"156",4,"mint_novelist","A32","Test",-0.799824896832655,3.09529794117863,2.61613154223466,-0.884291621389973,2.63824808399534,1.95638156628083,1.86460283343842,0.743530152899994
"157",4,"mint_novelist","A41","Test",-1.70592131416021,3.27568677688368,2.48756214468153,-1.80967051118685,2.57523832233142,1.25276020007451,1.34653700134411,0.634359182753558
"158",4,"mint_novelist","A42","Test",-1.18285071326323,2.84524287795991,2.28524258639369,-1.25896429605777,2.33106716171868,1.0459347288637,1.08881496898202,0.510010409209066
"159",4,"mint_novelist","B1","Test",-0.999584205144633,3.04623180173505,2.3766654894355,-0.524105052389449,1.20582470627678,1.04578266917449,1.07785338329151,0.454895724368062
"160",4,"mint_novelist","B2","Test",-4.11656419593943,7.48633739389158,6.26499336978464,-2.19872205389808,3.23710877840095,1.75868445872726,1.65845973750385,0.688900615317388
"161",4,"mint_novelist","B3","Test",-2.61355781901795,6.85909126555424,5.82238524727533,-1.42673670446938,2.96997116343186,1.99747512703351,1.91096189509178,0.81525206529417
"162",4,"mint_novelist","B4","Test",-2.88877202742344,5.75800535644971,4.51932802259536,-1.52294192405725,2.32289624703978,1.250263201336,1.28845428981269,0.628195902591508
"163",4,"mint_novelist","C1","Test",-5.11614840108408,9.07039356455297,7.26831376394963,-1.33085336687032,1.86024652876779,1.46555569550252,1.43674393013324,0.623905879822875
"164",4,"mint_novelist","C2","Test",-5.50232984644138,11.3256442456754,9.42570822912269,-1.45354001601543,2.40946013009183,1.73006219075565,1.65729070896409,0.777795909175125
"165",4,"mint_novelist","D1","Test",-10.6184782475255,19.1452663350633,15.2548034131643,-1.38335282667937,1.9505240129312,1.59481823314984,1.59335347209487,0.742578521930885
"166",4,"mint_shrink","A11","Test",-0.724759798492509,2.14528018913933,1.67906256533998,-0.77422644199964,1.72108896158305,1.3541053891924,1.3985737388108,0.669045078621188
"167",4,"mint_shrink","A12","Test",-0.274824406652143,1.48299066013764,1.15880395470673,-0.296679638852691,1.16561451427436,0.831968746675223,0.840742975027601,0.197758704983369
"168",4,"mint_shrink","A21","Test",-2.06962295054118,4.08541191458669,3.46900163870537,-2.22331601796095,3.56362076895793,1.63780827181271,1.56081684339818,0.69670301509344
"169",4,"mint_shrink","A22","Test",-2.04694124539832,3.63026298935498,3.03148458860464,-2.19069607738393,3.15117187743306,1.65548012722015,1.55280972114701,0.63408620712366
"170",4,"mint_shrink","A31","Test",-1.8137329221853,4.47057645893572,3.91322498068804,-2.02627457863438,4.03000077110699,1.99868505030308,1.81956639413951,0.83049411583071
"171",4,"mint_shrink","A32","Test",-0.79982489683266,3.09529794117863,2.61613154223467,-0.884291621389978,2.63824808399535,1.95638156628083,1.86460283343843,0.743530152899995
"172",4,"mint_shrink","A41","Test",-1.70592131416022,3.27568677688368,2.48756214468153,-1.80967051118686,2.57523832233142,1.25276020007451,1.34653700134411,0.634359182753565
"173",4,"mint_shrink","A42","Test",-1.18285071326325,2.8452428779599,2.28524258639368,-1.25896429605779,2.33106716171868,1.0459347288637,1.08881496898202,0.510010409209069
"174",4,"mint_shrink","B1","Test",-0.999584205144646,3.04623180173503,2.37666548943547,-0.524105052389456,1.20582470627676,1.04578266917448,1.0778533832915,0.454895724368068
"175",4,"mint_shrink","B2","Test",-4.1165641959395,7.48633739389161,6.26499336978466,-2.19872205389812,3.23710877840096,1.75868445872726,1.65845973750386,0.688900615317391
"176",4,"mint_shrink","B3","Test",-2.61355781901795,6.85909126555425,5.82238524727535,-1.42673670446938,2.96997116343187,1.99747512703351,1.91096189509178,0.815252065294168
"177",4,"mint_shrink","B4","Test",-2.88877202742346,5.75800535644969,4.51932802259534,-1.52294192405726,2.32289624703977,1.25026320133599,1.28845428981268,0.628195902591516
"178",4,"mint_shrink","C1","Test",-5.11614840108415,9.07039356455301,7.26831376394966,-1.33085336687034,1.8602465287678,1.46555569550252,1.43674393013325,0.623905879822882
"179",4,"mint_shrink","C2","Test",-5.50232984644139,11.3256442456754,9.42570822912269,-1.45354001601543,2.40946013009183,1.73006219075565,1.65729070896409,0.777795909175128
"180",4,"mint_shrink","D1","Test",-10.6184782475256,19.1452663350634,15.2548034131643,-1.38335282667938,1.95052401293121,1.59481823314984,1.59335347209488,0.742578521930888
"181",5,"arima","A11","Test",-0.737782603284925,2.15924393499721,1.61202441030758,-0.78884853540187,1.6545394144845,1.30004145561139,1.4076771316222,0.708337547944957
"182",5,"arima","A12","Test",-0.199609529725024,1.46537193810682,1.12354827232392,-0.221398556028611,1.12977815037089,0.806656763775896,0.830754498920137,0.204059849097473
"183",5,"arima","A21","Test",-2.09562500021279,3.92793947150393,3.26568327394797,-2.24329350395651,3.36453020204683,1.54181624462664,1.50065506615925,0.643181024452527
"184",5,"arima","A22","Test",-2.41618133082883,3.83636948864556,3.11967835266831,-2.56851027220078,3.25367841274339,1.70364234592348,1.64096977363589,0.619977370614401
"185",5,"arima","A31","Test",-1.74657913465397,4.79432494295414,4.20373689499399,-1.97258086521329,4.31803265231871,2.14706441078547,1.95133505240641,0.830713800288525
"186",5,"arima","A32","Test",-0.669884413121484,3.0014523025535,2.51391565270357,-0.752913833507363,2.53340275922777,1.87994302378735,1.8080703616016,0.787523211478186
"187",5,"arima","A41","Test",-1.68927558526087,3.24076094766359,2.47156468060594,-1.79423265037588,2.56068916500099,1.24470372343979,1.33218003605691,0.659756146355411
"188",5,"arima","A42","Test",-0.994110312586878,2.80960574780319,2.24582353131896,-1.07205948469921,2.28831235099608,1.02789298619396,1.0751773842729,0.563690857419719
"189",5,"arima","B1","Test",-1.38449442907542,3.23412892365648,2.3975344249761,-0.719274860394537,1.21865522304297,1.05496543856694,1.14433734175403,0.500035260152297
"190",5,"arima","B2","Test",-4.39771112309703,7.59193585078873,6.31218208992378,-2.34396521080847,3.26936551212568,1.77193109185798,1.6818531246693,0.66389488770179
"191",5,"arima","B3","Test",-2.93181388450112,7.48692375948126,6.42671514350203,-1.59952563059578,3.27712591467247,2.20480148641525,2.08587777329566,0.858092384282328
"192",5,"arima","B4","Test",-2.70968748019732,5.66611500526362,4.44602470761056,-1.43434628662587,2.28557295573599,1.22998398354008,1.26789221842706,0.661831560003981
"193",5,"arima","C1","Test",-5.71157224100264,9.26735427114352,7.29997584744351,-1.48175280077088,1.87146893322411,1.4719399200012,1.4679423668554,0.62010997710601
"194",5,"arima","C2","Test",-5.92611608036114,11.8073412110577,9.74810229277547,-1.56395903253689,2.49388891447339,1.78923671287023,1.72777781662414,0.791589429917259
"195",5,"arima","D1","Test",-12.0608201726002,20.0987641022052,16.3113662096313,-1.5675445565069,2.08651445305053,1.70527692387405,1.6727077600594,0.738000572083411
"196",5,"mint_novelist","A11","Test",-0.809184025560679,2.21408832853817,1.66490192417917,-0.862270351232744,1.70948114715592,1.34268532605354,1.44343186842335,0.717054814327306
"197",5,"mint_novelist","A12","Test",-0.263345323522167,1.47820192813881,1.13520858828939,-0.28539212035575,1.14229674536724,0.815028342437003,0.838028127998873,0.211799510164849
"198",5,"mint_novelist","A21","Test",-2.35527502357264,4.09121244268275,3.45928131082053,-2.50877111085698,3.5659299883787,1.63321904555322,1.56303291417445,0.650659643028954
"199",5,"mint_novelist","A22","Test",-2.3919316575795,3.83667653301573,3.16910922003013,-2.5467900334157,3.30343512139105,1.73063632072261,1.64110110888191,0.615491907553863
"200",5,"mint_novelist","A31","Test",-1.96209582256376,4.85515220636206,4.21452255366458,-2.1971405522873,4.33791367487983,2.15257320081134,1.97609231701449,0.844091555340795
"201",5,"mint_novelist","A32","Test",-0.800078928778414,3.08415610602944,2.61079173544221,-0.885989951326422,2.6312975724835,1.95238838038493,1.85789100866948,0.795854388605507
"202",5,"mint_novelist","A41","Test",-1.78481197410061,3.2787922385948,2.48391277539944,-1.89040651225885,2.5745611486476,1.25092234263575,1.34781356390491,0.664275932918434
"203",5,"mint_novelist","A42","Test",-1.19754339037,2.79166252003197,2.22143495409742,-1.2735497101406,2.26800060263735,1.01673055641278,1.06831088611189,0.547337919173835
"204",5,"mint_novelist","B1","Test",-1.07252934908284,3.07400559815264,2.26926608681543,-0.561386743300796,1.15214142487044,0.998524679171689,1.08768063295075,0.489924014962074
"205",5,"mint_novelist","B2","Test",-4.74720668115213,7.69616761946717,6.37360817028365,-2.5191590268023,3.30433930411436,1.78917438111834,1.70494374730982,0.656254991368066
"206",5,"mint_novelist","B3","Test",-2.76217475134218,7.29037770393836,6.21441487904001,-1.51084932676048,3.16833084832102,2.13196802045318,2.03111949581664,0.851459287748476
"207",5,"mint_novelist","B4","Test",-2.98235536447061,5.71133596872955,4.46191377385907,-1.57041735846232,2.29588311066327,1.23437966244074,1.27801119900458,0.662697347233877
"208",5,"mint_novelist","C1","Test",-5.81973603023497,9.38120077778501,7.48268714448845,-1.50950061915342,1.91755429278181,1.50878114490057,1.4859755730465,0.614023725456115
"209",5,"mint_novelist","C2","Test",-5.74453011581277,11.8030958805436,9.79429838151436,-1.51874428847734,2.50461124281303,1.79771587481171,1.72715659396652,0.790446038362352
"210",5,"mint_novelist","D1","Test",-11.5642661460477,20.0657918944871,16.1047429721598,-1.50557923803436,2.06028988072219,1.68367543235777,1.66996366756516,0.750758820437009
"211",5,"mint_shrink","A11","Test",-0.809184025560679,2.21408832853817,1.66490192417916,-0.862270351232744,1.70948114715592,1.34268532605354,1.44343186842335,0.717054814327306
"212",5,"mint_shrink","A12","Test",-0.263345323522171,1.47820192813882,1.13520858828939,-0.285392120355754,1.14229674536724,0.815028342437004,0.838028127998879,0.211799510164846
"213",5,"mint_shrink","A21","Test",-2.35527502357267,4.09121244268276,3.45928131082053,-2.50877111085701,3.56592998837871,1.63321904555323,1.56303291417445,0.650659643028954
"214",5,"mint_shrink","A22","Test",-2.39193165757952,3.83667653301574,3.16910922003013,-2.54679003341573,3.30343512139105,1.73063632072261,1.64110110888192,0.615491907553866
"215",5,"mint_shrink","A31","Test",-1.96209582256377,4.85515220636206,4.21452255366458,-2.19714055228731,4.33791367487983,2.15257320081134,1.97609231701449,0.844091555340795
"216",5,"mint_shrink","A32","Test",-0.800078928778418,3.08415610602945,2.61079173544222,-0.885989951326427,2.6312975724835,1.95238838038494,1.85789100866948,0.795854388605507
"217",5,"mint_shrink","A41","Test",-1.78481197410062,3.27879223859481,2.48391277539944,-1.89040651225886,2.5745611486476,1.25092234263575,1.34781356390492,0.664275932918427
"218",5,"mint_shrink","A42","Test",-1.19754339037001,2.79166252003197,2.22143495409742,-1.27354971014061,2.26800060263735,1.01673055641278,1.06831088611189,0.547337919173833
"219",5,"mint_shrink","B1","Test",-1.07252934908286,3.07400559815265,2.26926608681544,-0.561386743300807,1.15214142487044,0.998524679171693,1.08768063295075,0.489924014962071
"220",5,"mint_shrink","B2","Test",-4.74720668115219,7.69616761946719,6.37360817028365,-2.51915902680233,3.30433930411437,1.78917438111834,1.70494374730983,0.656254991368067
"221",5,"mint_shrink","B3","Test",-2.76217475134218,7.29037770393836,6.21441487904003,-1.51084932676049,3.16833084832103,2.13196802045319,2.03111949581664,0.851459287748477
"222",5,"mint_shrink","B4","Test",-2.98235536447064,5.71133596872956,4.46191377385909,-1.57041735846233,2.29588311066328,1.23437966244074,1.27801119900458,0.662697347233872
"223",5,"mint_shrink","C1","Test",-5.81973603023504,9.38120077778507,7.4826871444885,-1.50950061915343,1.91755429278182,1.50878114490058,1.48597557304651,0.614023725456116
"224",5,"mint_shrink","C2","Test",-5.74453011581281,11.8030958805436,9.79429838151438,-1.51874428847735,2.50461124281304,1.79771587481172,1.72715659396652,0.790446038362349
"225",5,"mint_shrink","D1","Test",-11.5642661460479,20.0657918944871,16.1047429721598,-1.50557923803438,2.0602898807222,1.68367543235778,1.66996366756517,0.750758820437003
"226",6,"arima","A11","Test",-0.747525375193482,2.21460073520656,1.65500628742017,-0.799505794137638,1.69680023857608,1.3347048401911,1.4437659219953,0.642025812858121
"227",6,"arima","A12","Test",-0.173836977725224,1.48062353374699,1.13248605123396,-0.19597206906398,1.13853799347741,0.813073684159749,0.839400994300793,0.204031470524069
"228",6,"arima","A21","Test",-2.41627292487125,3.85070319743171,3.17798158298236,-2.55796876374084,3.29334822007342,1.50040993529753,1.47114722704447,0.620739485018971
"229",6,"arima","A22","Test",-2.68108665125385,4.07263317488676,3.4375097985334,-2.84535239707609,3.58562440674548,1.87720867194511,1.74202926982808,0.598617235283891
"230",6,"arima","A31","Test",-1.87382026300482,5.11057926998994,4.56022454830265,-2.12030970830004,4.68170482664567,2.32914097086109,2.08005351875215,0.865472234883893
"231",6,"arima","A32","Test",-0.713106690732742,3.02985008518594,2.53614176182046,-0.798828199218148,2.55471110474284,1.89656403441486,1.8251771432317,0.813216442785038
"232",6,"arima","A41","Test",-1.73233475631051,3.2789479715721,2.50502576290911,-1.83998357264258,2.59712788503793,1.26155504602904,1.34787758108071,0.65622471837874
"233",6,"arima","A42","Test",-0.956457188443407,2.79868388220534,2.22278519019531,-1.03447762602755,2.26469866095957,1.01734854718337,1.07099781463255,0.562691813771658
"234",6,"arima","B1","Test",-1.33560866799299,3.23123671324481,2.44767052377681,-0.694271109659333,1.2425619297955,1.07702637371279,1.14331398602133,0.462989604585069
"235",6,"arima","B2","Test",-4.98474426176353,7.60257283396211,6.2580217998842,-2.6370507546257,3.25513771814079,1.75672742686575,1.68420955177021,0.666531494194924
"236",6,"arima","B3","Test",-2.98398324197187,7.75658252804485,6.78944940539802,-1.6325776289723,3.4582027893586,2.32924407052615,2.16100545587807,0.876771860038916
"237",6,"arima","B4","Test",-2.69927546709404,5.7009067536827,4.46246369722319,-1.4304615937853,2.29468012403527,1.23453179765692,1.27567747994135,0.669697400125227
"238",6,"arima","C1","Test",-6.26275301947017,9.54140201517511,7.79182318164541,-1.62197958397168,1.99722027882655,1.57111418316147,1.51135133582702,0.633694209232915
"239",6,"arima","C2","Test",-5.92459741949088,12.0401167380689,9.91880632010164,-1.56610014151412,2.53774297188335,1.82056895616779,1.76184004830135,0.811360745735824
"240",6,"arima","D1","Test",-12.6521828580464,20.717632333079,16.9077551353614,-1.64426355860013,2.16355202618572,1.76762659217474,1.7242127027003,0.756810323762051
"241",6,"mint_novelist","A11","Test",-0.821017151453161,2.24996116747798,1.67683011990206,-0.874343007297995,1.72040990544715,1.3523049998198,1.46681846879928,0.655561535334471
"242",6,"mint_novelist","A12","Test",-0.239998857236355,1.493353631673,1.13761007853625,-0.262402844800219,1.14452164687854,0.816752503648846,0.846617992148717,0.195711155050931
"243",6,"mint_novelist","A21","Test",-2.64247357300948,4.01200095759849,3.41748028708135,-2.78954502522932,3.53830483712922,1.6134836664498,1.53277045283764,0.617198787580401
"244",6,"mint_novelist","A22","Test",-2.67106283889596,3.99551064031524,3.33977916544798,-2.83461933645517,3.48784431090514,1.8238384118746,1.70904085500708,0.625675513527858
"245",6,"mint_novelist","A31","Test",-2.04005990001786,5.10064769745819,4.48699507367072,-2.29008592316798,4.61396639218951,2.29173891580147,2.07601127592603,0.869732299893124
"246",6,"mint_novelist","A32","Test",-0.823772258599046,3.10341605553829,2.6391220760335,-0.911879650068307,2.65822946772339,1.97357422490555,1.86949317334265,0.810853618602042
"247",6,"mint_novelist","A41","Test",-1.80850836417971,3.31468709025788,2.50640174362643,-1.91691393410799,2.60020559109901,1.26224800314065,1.36256886537732,0.644371548499468
"248",6,"mint_novelist","A42","Test",-1.12272408627088,2.76747112807697,2.19952543779097,-1.19880518838258,2.24524617441143,1.00670277024515,1.05905334613695,0.513626700436608
"249",6,"mint_novelist","B1","Test",-1.06101600868952,3.07965492668676,2.28308720497434,-0.555327619910863,1.15844760074671,1.00460626107855,1.08967954448149,0.467051087473326
"250",6,"mint_novelist","B2","Test",-5.31353641190545,7.79099681517931,6.42136468952621,-2.80374221403666,3.34117789935127,1.80258040459473,1.72595140362475,0.648480000663292
"251",6,"mint_novelist","B3","Test",-2.8638321586169,7.6419693150598,6.65915103077873,-1.57017559135137,3.39154169442932,2.28454284390829,2.12907389611178,0.874649560318067
"252",6,"mint_novelist","B4","Test",-2.93123245045059,5.72651995325431,4.43186153826043,-1.54613146398367,2.28170697084051,1.22606577061899,1.28140888080344,0.646205785484709
"253",6,"mint_novelist","C1","Test",-6.37455242059496,9.63084536537281,7.86656733684738,-1.6504477181619,2.01649322374602,1.58618531601557,1.52551909928434,0.646272730215465
"254",6,"mint_novelist","C2","Test",-5.79506460906748,12.0499356162961,10.002152135173,-1.53390881010366,2.55786670751505,1.83586684571705,1.76327685271665,0.812495054152183
"255",6,"mint_novelist","D1","Test",-12.1696170296624,20.6369647097122,16.6753664630387,-1.58392079924929,2.13401449731996,1.74333144514728,1.71749918743612,0.781759183568864
"256",6,"mint_shrink","A11","Test",-0.821017151453163,2.24996116747798,1.67683011990205,-0.874343007297997,1.72040990544714,1.35230499981979,1.46681846879928,0.655561535334469
"257",6,"mint_shrink","A12","Test",-0.23999885723637,1.49335363167301,1.13761007853626,-0.262402844800233,1.14452164687855,0.816752503648851,0.846617992148722,0.195711155050943
"258",6,"mint_shrink","A21","Test",-2.64247357300952,4.01200095759852,3.41748028708138,-2.78954502522935,3.53830483712925,1.61348366644981,1.53277045283765,0.617198787580398
"259",6,"mint_shrink","A22","Test",-2.67106283889599,3.99551064031525,3.339779165448,-2.8346193364552,3.48784431090516,1.82383841187461,1.70904085500709,0.625675513527853
"260",6,"mint_shrink","A31","Test",-2.04005990001786,5.1006476974582,4.48699507367072,-2.29008592316798,4.61396639218951,2.29173891580147,2.07601127592603,0.869732299893122
"261",6,"mint_shrink","A32","Test",-0.823772258599052,3.10341605553829,2.63912207603351,-0.911879650068312,2.6582294677234,1.97357422490555,1.86949317334264,0.810853618602041
"262",6,"mint_shrink","A41","Test",-1.80850836417972,3.31468709025787,2.50640174362642,-1.916913934108,2.600205591099,1.26224800314065,1.36256886537732,0.644371548499469
"263",6,"mint_shrink","A42","Test",-1.12272408627088,2.76747112807698,2.19952543779098,-1.19880518838259,2.24524617441143,1.00670277024515,1.05905334613696,0.513626700436602
"264",6,"mint_shrink","B1","Test",-1.06101600868953,3.07965492668678,2.28308720497435,-0.55532761991087,1.15844760074671,1.00460626107855,1.0896795444815,0.467051087473322
"265",6,"mint_shrink","B2","Test",-5.3135364119055,7.79099681517936,6.42136468952625,-2.80374221403669,3.34117789935129,1.80258040459475,1.72595140362476,0.648480000663292
"266",6,"mint_shrink","B3","Test",-2.86383215861691,7.64196931505981,6.65915103077874,-1.57017559135137,3.39154169442932,2.2845428439083,2.12907389611179,0.874649560318064
"267",6,"mint_shrink","B4","Test",-2.9312324504506,5.72651995325431,4.43186153826043,-1.54613146398368,2.28170697084052,1.22606577061899,1.28140888080344,0.646205785484704
"268",6,"mint_shrink","C1","Test",-6.37455242059504,9.63084536537288,7.86656733684743,-1.65044771816192,2.01649322374604,1.58618531601558,1.52551909928435,0.646272730215461
"269",6,"mint_shrink","C2","Test",-5.7950646090675,12.049935616296,10.002152135173,-1.53390881010367,2.55786670751504,1.83586684571705,1.76327685271664,0.812495054152182
"270",6,"mint_shrink","D1","Test",-12.1696170296625,20.6369647097123,16.6753664630387,-1.58392079924931,2.13401449731997,1.74333144514729,1.71749918743613,0.781759183568861
"271",7,"arima","A11","Test",-0.676173239327599,2.08254104421914,1.62622120945523,-0.720495004179011,1.65926568497378,1.31149067890536,1.35767217223453,0.623311644065108
"272",7,"arima","A12","Test",-0.168167660619569,1.50155297755014,1.15622212683462,-0.190914849979013,1.16234983879465,0.830115111217586,0.85126639798924,0.206233954685959
"273",7,"arima","A21","Test",-2.67205246695558,3.85269527802949,3.19831242584957,-2.8130325411988,3.32311811303926,1.51000866890702,1.4719082942307,0.632471055364967
"274",7,"arima","A22","Test",-2.91217356194884,4.21286173513983,3.55503809357107,-3.08534816872728,3.71304551748217,1.94139034634725,1.80201067398032,0.587555092728506
"275",7,"arima","A31","Test",-1.90484004567272,5.30818815343787,4.75996111646256,-2.16236041065512,4.88128660464108,2.43115669823434,2.16048218087391,0.880011555587449
"276",7,"arima","A32","Test",-0.754142406922275,3.11647961346798,2.64932372303929,-0.844146775800866,2.66827312718417,1.98120316627399,1.87736264102989,0.812017484310708
"277",7,"arima","A41","Test",-1.80295385806271,3.32987366270996,2.58194940045683,-1.91384728202292,2.67703791922126,1.3002945290891,1.36881161174569,0.64264085529002
"278",7,"arima","A42","Test",-0.924759039558442,2.81729565626095,2.22997637077389,-1.00392386520757,2.2719015246747,1.02063988507172,1.0781201514805,0.563883011470934
"279",7,"arima","B1","Test",-1.21848558780591,3.11033175618019,2.38759212374026,-0.633408177890832,1.20978308261298,1.05059061746975,1.1005339792751,0.434650638713849
"280",7,"arima","B2","Test",-5.38602682251656,7.71350375608042,6.38537931147767,-2.84083622454897,3.32678195978854,1.79247872987938,1.70878424808667,0.646409810964874
"281",7,"arima","B3","Test",-2.94169705373615,7.93688386919085,7.018980226295,-1.61613482818409,3.57235796153066,2.40798879217504,2.21123791076524,0.878975302183306
"282",7,"arima","B4","Test",-2.73095623673672,5.79081231804309,4.55057367712401,-1.44872836632251,2.34057637989461,1.25890725015554,1.29579542060086,0.659230185846443
"283",7,"arima","C1","Test",-6.61678297772528,9.82760527619907,8.14743915036235,-1.71314233078936,2.08857777461414,1.64281926157316,1.55668573009934,0.64244119443516
"284",7,"arima","C2","Test",-5.89923762909221,12.2825236296209,10.1880064225364,-1.56243946869823,2.60600726372668,1.86997987656218,1.79731164536404,0.811804357802835
"285",7,"arima","D1","Test",-12.9418176518255,21.1494545360824,17.4031566216356,-1.68267807544821,2.22696291703995,1.81941849677299,1.76015085025288,0.778794704799906
"286",7,"mint_novelist","A11","Test",-0.74130745141609,2.11876583177554,1.64201940748689,-0.786804612735966,1.67650985867797,1.32423137453862,1.38128821867307,0.624043510015726
"287",7,"mint_novelist","A12","Test",-0.233596488835225,1.51031474613381,1.17683230257353,-0.256549895855514,1.1836264963726,0.844912283775213,0.856233654751909,0.202001229978447
"288",7,"mint_novelist","A21","Test",-2.83318385715761,3.98542686255606,3.38250041775544,-2.97856991524575,3.51134217996892,1.59696873642218,1.52261791595582,0.630303192259776
"289",7,"mint_novelist","A22","Test",-2.88270459513549,4.12218853323125,3.4599202253622,-3.05448170480812,3.61707271847017,1.8894469054486,1.76322609286759,0.609576638750269
"290",7,"mint_novelist","A31","Test",-2.02079898936826,5.2357516098238,4.64134757844851,-2.27724410830892,4.76611177421777,2.37057467027474,2.13099983073888,0.884962685903205
"291",7,"mint_novelist","A32","Test",-0.846842531681369,3.15279786095601,2.65761946914444,-0.937985251665594,2.67737832690838,1.98740684697453,1.89924069879964,0.818193234459694
"292",7,"mint_novelist","A41","Test",-1.8631571113693,3.34920430878974,2.58486863132239,-1.97436578481819,2.68110539920687,1.30176468180509,1.37675786301428,0.63735738897152
"293",7,"mint_novelist","A42","Test",-1.03871226374795,2.75004801486415,2.15270535058847,-1.11519634412366,2.1968206431224,0.985273642543305,1.05238588494433,0.540032527710994
"294",7,"mint_novelist","B1","Test",-0.97490394025132,3.05868913893523,2.30894707623327,-0.510919706876115,1.16913989313888,1.01598514687879,1.08226118411624,0.413859008799362
"295",7,"mint_novelist","B2","Test",-5.7158884522931,7.91986616456069,6.63939539600795,-3.00857624773206,3.45763581448187,1.86378513257802,1.75450002708403,0.642634419302472
"296",7,"mint_novelist","B3","Test",-2.86764152104964,7.90494462786969,6.9677415774106,-1.5783683528291,3.54600974271407,2.39041044200708,2.20233954934099,0.877689034081662
"297",7,"mint_novelist","B4","Test",-2.90186937511724,5.77045079243895,4.49878904383147,-1.5333662105456,2.31613468839297,1.24458113329112,1.29123917353478,0.644858316056683
"298",7,"mint_novelist","C1","Test",-6.69079239254443,9.9537812980256,8.26608443196611,-1.73245153432399,2.11887160135503,1.66674245391817,1.57667192278188,0.644960220833279
"299",7,"mint_novelist","C2","Test",-5.76951089616687,12.2873981120963,10.2233578988854,-1.5301552024573,2.61440034660893,1.87646854045163,1.79802493233846,0.817962903640563
"300",7,"mint_novelist","D1","Test",-12.4603032887113,21.2113869553018,17.1764034355442,-1.62295230042546,2.19851049859521,1.79571251343063,1.7653051392281,0.783395169961297
"301",7,"mint_shrink","A11","Test",-0.741307451416089,2.11876583177554,1.6420194074869,-0.786804612735965,1.67650985867797,1.32423137453863,1.38128821867307,0.624043510015728
"302",7,"mint_shrink","A12","Test",-0.233596488835238,1.51031474613382,1.17683230257353,-0.256549895855526,1.18362649637261,0.844912283775217,0.856233654751914,0.20200122997845
"303",7,"mint_shrink","A21","Test",-2.83318385715765,3.98542686255609,3.38250041775547,-2.97856991524578,3.51134217996895,1.5969687364222,1.52261791595583,0.630303192259776
"304",7,"mint_shrink","A22","Test",-2.88270459513551,4.12218853323126,3.45992022536221,-3.05448170480815,3.61707271847018,1.88944690544861,1.7632260928676,0.609576638750272
"305",7,"mint_shrink","A31","Test",-2.02079898936827,5.23575160982381,4.64134757844851,-2.27724410830893,4.76611177421777,2.37057467027474,2.13099983073889,0.884962685903204
"306",7,"mint_shrink","A32","Test",-0.846842531681371,3.15279786095601,2.65761946914444,-0.937985251665595,2.67737832690837,1.98740684697453,1.89924069879964,0.818193234459696
"307",7,"mint_shrink","A41","Test",-1.8631571113693,3.34920430878974,2.58486863132238,-1.9743657848182,2.68110539920686,1.30176468180509,1.37675786301428,0.637357388971523
"308",7,"mint_shrink","A42","Test",-1.03871226374796,2.75004801486415,2.15270535058847,-1.11519634412366,2.1968206431224,0.985273642543304,1.05238588494433,0.540032527710997
"309",7,"mint_shrink","B1","Test",-0.974903940251328,3.05868913893524,2.30894707623328,-0.510919706876119,1.16913989313888,1.0159851468788,1.08226118411625,0.413859008799366
"310",7,"mint_shrink","B2","Test",-5.71588845229316,7.91986616456074,6.63939539600801,-3.00857624773209,3.4576358144819,1.86378513257804,1.75450002708404,0.642634419302473
"311",7,"mint_shrink","B3","Test",-2.86764152104964,7.9049446278697,6.9677415774106,-1.5783683528291,3.54600974271407,2.39041044200708,2.20233954934099,0.877689034081662
"312",7,"mint_shrink","B4","Test",-2.90186937511726,5.77045079243893,4.49878904383144,-1.5333662105456,2.31613468839295,1.24458113329111,1.29123917353478,0.644858316056686
"313",7,"mint_shrink","C1","Test",-6.69079239254448,9.95378129802563,8.26608443196615,-1.732451534324,2.11887160135504,1.66674245391818,1.57667192278188,0.644960220833279
"314",7,"mint_shrink","C2","Test",-5.76951089616687,12.2873981120962,10.2233578988854,-1.5301552024573,2.61440034660893,1.87646854045163,1.79802493233846,0.817962903640565
"315",7,"mint_shrink","D1","Test",-12.4603032887114,21.2113869553018,17.1764034355443,-1.62295230042547,2.19851049859523,1.79571251343064,1.7653051392281,0.783395169961296
"316",8,"arima","A11","Test",-0.643987599304982,1.98343893179305,1.5381883372212,-0.683389282622184,1.56631863454318,1.24049523824764,1.29306447548635,0.623499946587141
"317",8,"arima","A12","Test",-0.165824459511845,1.52305709088016,1.18535702383109,-0.189230067307999,1.19164432944578,0.851032647475734,0.863457595616024,0.209243211241062
"318",8,"arima","A21","Test",-2.82994646339541,3.9389144781127,3.34262790107931,-2.97586295863123,3.47241719432011,1.57814385698092,1.50484802773314,0.638489877651834
"319",8,"arima","A22","Test",-3.14852463275721,4.27550894576875,3.50690902132169,-3.32622086734382,3.67626599714257,1.915107276016,1.82880740963076,0.684384145302844
"320",8,"arima","A31","Test",-1.80800349845066,5.3852587578786,4.84079417547099,-2.06659207417336,4.95217059746201,2.47244229449004,2.19185063706844,0.884185195735999
"321",8,"arima","A32","Test",-0.740209074589401,3.19712803553882,2.7517256897051,-0.834216958309754,2.77160448630621,2.05778085998,1.92594512942465,0.812095398569137
"322",8,"arima","A41","Test",-1.87974395479108,3.37598334706436,2.63367342302543,-1.99373019155613,2.73192819590863,1.32634324389216,1.38776592585828,0.663089262090735
"323",8,"arima","A42","Test",-0.958705615835278,2.86294907893042,2.29569080272612,-1.04034951910605,2.33908500435085,1.05071678236727,1.0955907619415,0.570325617563334
"324",8,"arima","B1","Test",-1.12369958782881,3.02284731931407,2.2839506600108,-0.584575162774344,1.15651643701495,1.00498619940674,1.06957921207459,0.416215953547947
"325",8,"arima","B2","Test",-5.76450212795771,7.87274960417636,6.54592211455202,-3.03458368151222,3.414069135347,1.83754567824825,1.74406222362211,0.688025476233894
"326",8,"arima","B3","Test",-2.77356299882386,7.98581215588417,7.00737701577341,-1.53263783490181,3.56302492314163,2.40400809982538,2.22486946746031,0.870578874563087
"327",8,"arima","B4","Test",-2.84028358519219,5.87741368280956,4.67015060274997,-1.50583921774786,2.40248090757937,1.2919879712476,1.31517398887746,0.675590458841687
"328",8,"arima","C1","Test",-6.91827952271295,10.1672894156131,8.59147358163559,-1.79157250480907,2.20237495509533,1.73235270920436,1.61049145771107,0.652689952605981
"329",8,"arima","C2","Test",-5.80026491335633,12.450999051573,10.2595379006617,-1.5398927441118,2.62475356755274,1.88310927784909,1.82196479051263,0.809665660477422
"330",8,"arima","D1","Test",-13.0304606032635,21.6000187817961,17.8085681136993,-1.69614379010509,2.27935497382983,1.86180236904982,1.79764879322978,0.770776354315821
"331",8,"mint_novelist","A11","Test",-0.704200979558286,2.00290926716957,1.55905596949086,-0.744201976401212,1.58828244179439,1.25732425575976,1.30575778234729,0.635146909909359
"332",8,"mint_novelist","A12","Test",-0.223584799451639,1.52304455013592,1.20052038040212,-0.247063800627455,1.20734192052449,0.86191925060696,0.863450485967326,0.206675207553098
"333",8,"mint_novelist","A21","Test",-2.96197709909734,4.03179457833715,3.45225391082098,-3.11089604080723,3.58570920867903,1.62990122243081,1.5403325340394,0.634165293768326
"334",8,"mint_novelist","A22","Test",-3.11649209967848,4.2158795895268,3.46881611786592,-3.29404272857215,3.63694100944134,1.89430491241627,1.80330153187211,0.69034502123446
"335",8,"mint_novelist","A31","Test",-1.89857789535052,5.28781329894566,4.69090421009505,-2.15389520328362,4.80551323995321,2.39588578816449,2.15218942470253,0.879786165707917
"336",8,"mint_novelist","A32","Test",-0.818763428548164,3.21318658728299,2.71037563734364,-0.913220213922701,2.73127209502415,2.02685868389722,1.93561877688997,0.805293304092408
"337",8,"mint_novelist","A41","Test",-1.93370430525239,3.38743827446818,2.63467981109465,-2.04779553207691,2.73387763427601,1.32685007059462,1.39247470439773,0.64814284246542
"338",8,"mint_novelist","A42","Test",-1.04711153635854,2.81027599187776,2.20179080437029,-1.12671374804518,2.24730427765662,1.00773960790651,1.07543387266865,0.529587489536003
"339",8,"mint_novelist","B1","Test",-0.927785779009926,2.97749185465008,2.22295737511067,-0.486065807855986,1.12496355277569,0.978147874632762,1.0535310108146,0.428005632869356
"340",8,"mint_novelist","B2","Test",-6.07846919877581,8.0861127290436,6.82768947592589,-3.19475449578441,3.55865811818503,1.91664231094618,1.79132888199487,0.679559722846348
"341",8,"mint_novelist","B3","Test",-2.71734132389868,8.00471969937627,7.05187157348544,-1.50482222448899,3.58453001658579,2.4192727668894,2.23013716164083,0.875989371726988
"342",8,"mint_novelist","B4","Test",-2.98081584161093,5.84617944013381,4.58982163846396,-1.5752721418831,2.36376753681153,1.26976512140221,1.30818478142222,0.650866730580403
"343",8,"mint_novelist","C1","Test",-7.00625497778573,10.258170345897,8.64128640405774,-1.81414317996352,2.21549211075032,1.7423967810456,1.62488693283803,0.653587134472058
"344",8,"mint_novelist","C2","Test",-5.6981571655096,12.4832477225682,10.3513787690168,-1.51469772174368,2.64711558903437,1.89996641049578,1.82668376469701,0.812813795616864
"345",8,"mint_novelist","D1","Test",-12.7044121432953,21.686743566383,17.6699932743952,-1.65584718579049,2.26202537680082,1.84731501877775,1.80486641215552,0.786037828243416
"346",8,"mint_shrink","A11","Test",-0.704200979558289,2.00290926716957,1.55905596949087,-0.744201976401215,1.5882824417944,1.25732425575976,1.30575778234729,0.63514690990936
"347",8,"mint_shrink","A12","Test",-0.223584799451647,1.52304455013594,1.20052038040213,-0.247063800627463,1.2073419205245,0.861919250606969,0.863450485967333,0.206675207553096
"348",8,"mint_shrink","A21","Test",-2.96197709909737,4.03179457833717,3.452253910821,-3.11089604080726,3.58570920867905,1.62990122243082,1.54033253403941,0.63416529376833
"349",8,"mint_shrink","A22","Test",-3.11649209967851,4.21587958952681,3.46881611786593,-3.29404272857218,3.63694100944135,1.89430491241627,1.80330153187212,0.690345021234456
"350",8,"mint_shrink","A31","Test",-1.89857789535052,5.28781329894566,4.69090421009505,-2.15389520328362,4.80551323995321,2.39588578816449,2.15218942470253,0.879786165707918
"351",8,"mint_shrink","A32","Test",-0.818763428548161,3.21318658728299,2.71037563734363,-0.913220213922698,2.73127209502414,2.02685868389721,1.93561877688996,0.805293304092407
"352",8,"mint_shrink","A41","Test",-1.9337043052524,3.38743827446818,2.63467981109465,-2.04779553207692,2.73387763427601,1.32685007059462,1.39247470439773,0.648142842465416
"353",8,"mint_shrink","A42","Test",-1.04711153635854,2.81027599187775,2.20179080437029,-1.12671374804518,2.24730427765661,1.00773960790651,1.07543387266864,0.529587489536005
"354",8,"mint_shrink","B1","Test",-0.92778577900993,2.97749185465009,2.22295737511068,-0.486065807855989,1.1249635527757,0.978147874632766,1.0535310108146,0.428005632869355
"355",8,"mint_shrink","B2","Test",-6.07846919877587,8.08611272904364,6.82768947592592,-3.19475449578444,3.55865811818505,1.91664231094619,1.79132888199488,0.679559722846347
"356",8,"mint_shrink","B3","Test",-2.71734132389869,8.00471969937627,7.05187157348543,-1.50482222448899,3.58453001658578,2.4192727668894,2.23013716164083,0.87598937172699
"357",8,"mint_shrink","B4","Test",-2.98081584161094,5.84617944013381,4.58982163846394,-1.5752721418831,2.36376753681153,1.2697651214022,1.30818478142222,0.650866730580399
"358",8,"mint_shrink","C1","Test",-7.0062549777858,10.258170345897,8.64128640405779,-1.81414317996354,2.21549211075033,1.74239678104561,1.62488693283804,0.653587134472059
"359",8,"mint_shrink","C2","Test",-5.69815716550962,12.4832477225681,10.3513787690168,-1.51469772174368,2.64711558903437,1.89996641049578,1.826683764697,0.812813795616864
"360",8,"mint_shrink","D1","Test",-12.7044121432954,21.6867435663831,17.6699932743953,-1.6558471857905,2.26202537680082,1.84731501877776,1.80486641215552,0.786037828243416
